login,dept
52697,GM Office
39135,Admin
58586,Finance
39841,Finance
59889,Finance
39747,Finance
39771,Finance
11237,Manufacturing
39176,Manufacturing
59176,Manufacturing
58678,AE
59897,Sales Rep
59633,EHS
91847,Engineering
11238,Engineering
59866,Engineering
94252,Production & Warehouse
11334,Production & Warehouse
27848,Production & Warehouse
27486,Production & Warehouse
27490,Production & Warehouse
27488,Production & Warehouse
27489,Production & Warehouse
39325,Production & Warehouse
39757,Production & Warehouse
39763,Production & Warehouse
39760,Production & Warehouse
39758,Production & Warehouse
39755,Production & Warehouse
00075,Production & Warehouse
39858,Production & Warehouse
39861,Production & Warehouse
00281,Production & Warehouse
00124,Production & Warehouse
00280,Production & Warehouse
07629,Production & Warehouse
I001,Production & Warehouse
59822,Quality
11263,Quality
11456,Quality
39352,Quality
27297,Quality
39640,Quality
39133,Quality
I002,Quality
23428,Planning & Order Delivery
59656,Planning & Order Delivery
27637,Planning & Order Delivery
58728,Maintenance
27487,Maintenance
39547,Maintenance
27704,Purchasing
27851,Purchasing
33857,Purchasing
